ID,Hora de início,Hora de conclusão,Qual é o seu departamento?,Há quanto tempo você faz parte do grupo UOL?,Qual lanche você prefere?,Qual bebida você prefere?,Em que cidade você mora?,Qual o seu método de comunicação preferido no trabalho?,Qual hobby você prefere?,Qual seu gênero preferido de música? (Pode marcar mais de um),Qual seu turno de preferência para reuniões de trabalho?,Qual seu gênero de filme preferido? (Pode marcar mais de um),"Se você pudesse viajar para qualquer lugar, para onde iria?",Moradia,Cidade,Estado,Latitude,Longitude
1,2024-07-02 10:38:04,2024-07-02 10:39:35,Inovação,<1 ano,Pão de Queijo,Café,Goiânia,Chat,Viajar,MPB,Começo da tarde,Animação,Grécia,"Goiânia, Goiás, -16.6783, -49.2524",Goiânia,Goiás,-16.6783,-49.2524
2,2024-07-02 10:49:48,2024-07-02 10:55:31,Parcerias,1-3 anos,Sanduíche,Chocolate quente,Barueri,Reuniões,Viajar,Rock;Pop;Jazz;MPB;Clássica,Manhã,Drama;Ficção Científica;Romance,Austrália,"Barueri, São Paulo, -23.5091, -46.8697",Barueri,São Paulo,-23.5091,-46.8697
3,2024-07-02 10:50:05,2024-07-02 10:58:37,Inovação,<1 ano,Salada de frutas,Chocolate quente,Paulo Afonso - BA,Reuniões,Jogos,Pop;Rap;Eletrônica;Funk,Começo da tarde,Terror;Documentário;Ficção Científica,Conhecer a sede da UOL em São Paulo,"Paulo Afonso, Bahia, -9.4115, -38.2340",Paulo Afonso,Bahia,-9.4115,-38.2340
4,2024-07-02 11:14:25,2024-07-02 11:16:36,Data & Analytics,1-3 anos,Salada de frutas,Chá,Porto Alegre,Reuniões,Leitura,Eletrônica;Funk;Rock,Começo da tarde,Romance;Documentário;Animação,Tokyo," Porto Alegre, Rio Grande do Sul, -30.0319, -51.2351", Porto Alegre,Rio Grande do Sul,-30.0319,-51.2351
5,2024-07-02 11:22:50,2024-07-02 11:24:58,P&D,4-6 anos,Sanduíche,Café,Bauru,Telefone,Viajar,Rock;MPB,Começo da tarde,Ação;Ficção Científica,Bahamas,"Bauru, São Paulo, -22.3057, -49.0592",Bauru,São Paulo,-22.3057,-49.0592
6,2024-07-02 11:25:38,2024-07-02 11:27:16,P&D,10+ anos,Pão de Queijo,Café,São Paulo,Chat,Viajar,Rock,Começo da tarde,Ação;Ficção Científica;Documentário,Europa,"São Paulo, São Paulo, -23.5329, -46.6441",São Paulo,São Paulo,-23.5329,-46.6441
7,2024-07-02 11:36:08,2024-07-02 11:37:33,P&D,1-3 anos,Sanduíche,Água,Taboão da Serra,Chat,Jogos,Rock;Eletrônica,Começo da tarde,Ação;Comédia,Roma,"Taboão da Serra, São Paulo, -23.5376, -46.7557",Taboão da Serra,São Paulo,-23.5376,-46.7557
8,2024-07-02 11:50:31,2024-07-02 11:51:51,Publicidade,7-10 anos,Sanduíche,Suco de Frutas,São Paulo,Chat,Jogos,Rock;Rap,Começo da tarde,Terror;Ação,Maldivas,"São Paulo, São Paulo, -23.5329, -46.6441",São Paulo,São Paulo,-23.5329,-46.6441
9,2024-07-02 12:58:14,2024-07-02 13:02:05,Data & Analytics,1-3 anos,Salada de frutas,Café,Votorantim,Chat,Esportes,Rock;Pop;Eletrônica;Clássica,Começo da tarde,Ação;Comédia;Ficção Científica;Animação,Irlanda,"Votorantim, São Paulo, -23.2433, -47.8406",Votorantim,São Paulo,-23.2433,-47.8406
10,2024-07-02 13:06:16,2024-07-02 13:07:35,Publicidade,7-10 anos,Pão de Queijo,Suco de Frutas,Guarulhos,Chat,Viajar,Pop,Começo da tarde,Comédia;Animação,Egito,"Guarulhos, São Paulo, -23.4472, -46.5419",Guarulhos,São Paulo,-23.4472,-46.5419
11,2024-07-02 13:28:47,2024-07-02 13:31:05,P&D,4-6 anos,Salada de frutas,Café,São Paulo,Chat,Assistir TV ou Cinema,Clássica,Manhã,Comédia,Caribe,"São Paulo, São Paulo, -23.5329, -46.6441",São Paulo,São Paulo,-23.5329,-46.6441
12,2024-07-02 13:32:19,2024-07-02 13:33:51,Data & Analytics,4-6 anos,Sanduíche,Café,"Campinas, SP",Chat,Jogos,Rock;Pop;Rap,Manhã,Ação;Comédia;Drama;Ficção Científica;Terror;Documentário;Animação;Romance,Roma,"Campinas, São Paulo, -22.9167, -47.0582",Campinas,São Paulo,-22.9167,-47.0582
13,2024-07-02 13:37:02,2024-07-02 13:41:55,P&D,1-3 anos,Pão de Queijo,Chá,Assis,Chat,Jogos,Rock;Rap,Manhã,Drama;Ficção Científica;Documentário,Dublin,"Assis, São Paulo, -22.6629, -50.4095",Assis,São Paulo,-22.6629,-50.4095
14,2024-07-02 13:48:48,2024-07-02 13:50:07,Operações,4-6 anos,Pão de Queijo,Café,São Paulo,Chat,Viajar,Rock,Final da tarde,Ficção Científica;Documentário,Japão,"São Paulo, São Paulo, -23.5329, -46.6441",São Paulo,São Paulo,-23.5329,-46.6441
15,2024-07-02 13:49:30,2024-07-02 13:50:30,Conteúdo,10+ anos,Sanduíche,Café,são paulo,Chat,Viajar,Pop;Rock;Eletrônica,Começo da tarde,Comédia;Ação;Animação;Romance;Documentário,Europa,"São Paulo, São Paulo, -23.5329, -46.6441",São Paulo,São Paulo,-23.5329,-46.6441
16,2024-07-02 13:48:59,2024-07-02 13:50:44,Publicidade,1-3 anos,Pão de Queijo,Café,Brasília,Chat,Jogos,Rock,Começo da tarde,Drama;Ficção Científica,Nova Zelândia,"Brasília, Distrito Federal, -15.7942, -47.9295",Brasília,Distrito Federal,-15.7942,-47.9295
17,2024-07-02 13:50:00,2024-07-02 13:51:50,P&D,4-6 anos,Fruta,Chá,Diadema,Chat,Jogos,Rock;Jazz;Pop;Rap,Começo da tarde,Ação;Comédia;Drama,Canadá,"Diadema, São Paulo, -23.6832, -46.6152",Diadema,São Paulo,-23.6832,-46.6152
18,2024-07-02 13:52:52,2024-07-02 13:54:10,Data & Analytics,10+ anos,Sanduíche,Chá,JUNDIAI,Chat,Jogos,Pop;Sertanejo;MPB,Manhã,Romance;Comédia;Animação;Drama,MEXICO,"Jundiaí, São Paulo, -23.1812, -46.8838",Jundiaí,São Paulo,-23.1812,-46.8838
19,2024-07-02 13:52:58,2024-07-02 13:54:23,Operações,10+ anos,Pão de Queijo,Café,São Paulo,Chat,Leitura,Rock;Pop;MPB,Manhã,Ação;Comédia;Ficção Científica;Documentário,Japão,"São Paulo, São Paulo, -23.5329, -46.6441",São Paulo,São Paulo,-23.5329,-46.6441
20,2024-07-02 13:51:48,2024-07-02 13:54:53,Produtos Digitais,4-6 anos,Salada de frutas,Água,São Paulo ,Chat,Viajar,Pop;Rock;MPB,Manhã,Ação;Comédia;Drama;Ficção Científica;Romance;Documentário;Animação,Japão ,"São Paulo, São Paulo, -23.5329, -46.6441",São Paulo,São Paulo,-23.5329,-46.6441
21,2024-07-02 13:54:00,2024-07-02 13:55:10,Produtos Digitais,<1 ano,Sanduíche,Água,São Paulo,Chat,Jogos,Rock;Funk;Rap,Começo da tarde,Ação;Comédia;Ficção Científica;Documentário,Roma,"São Paulo, São Paulo, -23.5329, -46.6441",São Paulo,São Paulo,-23.5329,-46.6441
22,2024-07-02 13:52:18,2024-07-02 13:55:30,Data & Analytics,7-10 anos,Pão de Queijo,Café,São Paulo,Chat,Assistir TV ou Cinema,Rock;Sertanejo,Começo da tarde,Ação;Ficção Científica,Estados Unidos,"São Paulo, São Paulo, -23.5329, -46.6441",São Paulo,São Paulo,-23.5329,-46.6441
23,2024-07-02 13:53:46,2024-07-02 13:56:19,Publicidade,1-3 anos,Bolo,Suco de Frutas,São Paulo,Chat,Viajar,Rock;Pop;Eletrônica,Começo da tarde,Drama;Terror;Ficção Científica,Caribe,"São Paulo, São Paulo, -23.5329, -46.6441",São Paulo,São Paulo,-23.5329,-46.6441
24,2024-07-02 13:52:28,2024-07-02 13:56:25,Operações,1-3 anos,Salada de frutas,Café,São Paulo,Chat,Viajar,Rock;Rap;MPB,Começo da tarde,Ação;Terror;Drama,Amazônia,"São Paulo, São Paulo, -23.5329, -46.6441",São Paulo,São Paulo,-23.5329,-46.6441
25,2024-07-02 13:51:38,2024-07-02 13:56:36,Operações,4-6 anos,Pão de Queijo,Suco de Frutas,São Paulo,Chat,Jogos,Rock;Pop,Manhã,Terror;Ficção Científica,Londres,"São Paulo, São Paulo, -23.5329, -46.6441",São Paulo,São Paulo,-23.5329,-46.6441
26,2024-07-02 13:52:13,2024-07-02 13:56:53,P&D,1-3 anos,Sanduíche,Chocolate quente,Paulínia,Chat,Esportes,Rap;Funk;Sertanejo;MPB;Rock,Manhã,Ação;Comédia;Ficção Científica;Animação,Jericoacoara,"Paulínia, São Paulo, -22.7540, -47.1431",Paulínia,São Paulo,-22.7540,-47.1431
27,2024-07-02 13:55:25,2024-07-02 13:56:55,Data & Analytics,4-6 anos,Pão de Queijo,Café,São Paulo ,Chat,Viajar,Eletrônica,Manhã,Ação,Itália ,"São Paulo, São Paulo, -23.5329, -46.6441",São Paulo,São Paulo,-23.5329,-46.6441
28,2024-07-02 13:54:52,2024-07-02 13:57:22,Data & Analytics,7-10 anos,Sanduíche,Leite,São Paulo,Chat,Jogos,Clássica;Rock,Manhã,Ficção Científica;Documentário,Ilha Bela,"São Paulo, São Paulo, -23.5329, -46.6441",São Paulo,São Paulo,-23.5329,-46.6441
29,2024-07-02 13:55:12,2024-07-02 13:57:24,Data & Analytics,10+ anos,Sanduíche,Água,Aruja ,Chat,Leitura,Rock,Final da tarde,Comédia;Drama;Documentário,Japão ,"Arujá, São Paulo, -23.4586, -46.3828",Arujá,São Paulo,-23.4586,-46.3828
30,2024-07-02 13:55:26,2024-07-02 13:57:55,Data & Analytics,4-6 anos,Bolo,Chocolate quente,São Paulo,E-mail,Jogos,Pop;Rap,Manhã,Animação;Ficção Científica;Ação,Roma,"São Paulo, São Paulo, -23.5329, -46.6441",São Paulo,São Paulo,-23.5329,-46.6441
31,2024-07-02 13:55:09,2024-07-02 13:57:55,Data & Analytics,1-3 anos,Sanduíche,Café,Piraju-SP,Chat,Assistir TV ou Cinema,Pop;Funk;Eletrônica,Começo da tarde,Ação;Ficção Científica;Comédia,Paris,"Piraju, São Paulo, -23.4332, -49.6666",Piraju,São Paulo,-23.4332,-49.6666
32,2024-07-02 13:54:49,2024-07-02 13:57:56,Data & Analytics,1-3 anos,Pão de Queijo,Suco de Frutas,Caieiras ,Chat,Leitura,Clássica,Começo da tarde,Ficção Científica,Finlândia,"Caieiras, São Paulo, -23.3808, -46.7917",Caieiras,São Paulo,-23.3808,-46.7917
33,2024-07-02 13:56:17,2024-07-02 13:58:02,Data & Analytics,4-6 anos,Pão de Queijo,Suco de Frutas,São Paulo,Chat,Jogos,Pop,Começo da tarde,Terror,Orlando,"São Paulo, São Paulo, -23.5329, -46.6441",São Paulo,São Paulo,-23.5329,-46.6441
34,2024-07-02 13:57:28,2024-07-02 13:58:28,Data & Analytics,4-6 anos,Salada de frutas,Chá,São Paulo,E-mail,Cozinhar,Rock;Eletrônica;MPB,Começo da tarde,Ação;Comédia;Ficção Científica;Documentário;Animação;Romance,Noruega,"São Paulo, São Paulo, -23.5329, -46.6441",São Paulo,São Paulo,-23.5329,-46.6441
35,2024-07-02 13:56:46,2024-07-02 13:58:42,Produtos Digitais,7-10 anos,Sanduíche,Café,Campinas ,Chat,Esportes,Rock,Começo da tarde,Ação,Sicilia ,"Campinas, São Paulo, -22.9055, -47.0614",Campinas,São Paulo,-22.9055,-47.0614
36,2024-07-02 13:56:23,2024-07-02 13:59:04,P&D,1-3 anos,Bolo,Café,Assis,Chat,Jogos,Pop;Rock;Eletrônica,Começo da tarde,Terror;Ficção Científica;Ação,Japão,"Assis, São Paulo, -22.6466, -50.4193",Assis,São Paulo,-22.6466,-50.4193
37,2024-07-02 13:57:05,2024-07-02 13:59:24,Produtos Digitais,1-3 anos,Sanduíche,Suco de Frutas,Guarulhos,Chat,Assistir TV ou Cinema,MPB,Começo da tarde,Romance,Itália,"Guarulhos, São Paulo, -23.4469, -46.5341",Guarulhos,São Paulo,-23.4469,-46.5341
38,2024-07-02 13:57:29,2024-07-02 13:59:26,Data & Analytics,10+ anos,Sanduíche,Café,São Paulo ,Chat,Esportes,Rock,Final da tarde,Ação;Ficção Científica,Noronha,"São Paulo, São Paulo, -23.5329, -46.6441",São Paulo,São Paulo,-23.5329,-46.6441
39,2024-07-02 13:55:47,2024-07-02 13:59:29,Operações,10+ anos,Sanduíche,Café,São Bernardo do Campo,Chat,Viajar,Rock;Pop;Jazz,Começo da tarde,Ação;Comédia,Caribe,"São Bernardo do Campo, São Paulo, -23.6935, -46.5556",São Bernardo do Campo,São Paulo,-23.6935,-46.5556
40,2024-07-02 13:55:21,2024-07-02 13:59:29,Data & Analytics,4-6 anos,Salada de frutas,Água,Osasco,Reuniões,Jogos,Rock;Pop,Começo da tarde,Romance;Comédia,Japão,"Osasco, São Paulo, -23.5491, -46.7894",Osasco,São Paulo,-23.5491,-46.7894
41,2024-07-02 13:55:38,2024-07-02 13:59:29,Data & Analytics,1-3 anos,Pão de Queijo,Café,São Paulo ,Chat,Leitura,Rock;Pop;Jazz;Eletrônica;Clássica;MPB,Começo da tarde,Ação;Comédia;Drama;Ficção Científica;Terror;Documentário;Animação;Romance,Atenas,"São Paulo, São Paulo, -23.5329, -46.6441",São Paulo,São Paulo,-23.5329,-46.6441
42,2024-07-02 13:57:28,2024-07-02 13:59:32,Produtos Digitais,7-10 anos,Sanduíche,Suco de Frutas,São Paulo,E-mail,Viajar,Sertanejo,Manhã,Ação;Drama;Romance,Lãs Vegas,"São Paulo, São Paulo, -23.5329, -46.6441",São Paulo,São Paulo,-23.5329,-46.6441
43,2024-07-02 13:56:38,2024-07-02 13:59:40,Atendimento,1-3 anos,Salada de frutas,Café,São Paulo,Reuniões,Viajar,Rock,Manhã,Ação;Ficção Científica,"Costa Amalfitana, Itália","São Paulo, São Paulo, -23.5329, -46.6441",São Paulo,São Paulo,-23.5329,-46.6441
44,2024-07-02 13:55:30,2024-07-02 14:00:06,Produtos Digitais,4-6 anos,Salada de frutas,Chá,São Paulo ,Reuniões,Leitura,Rock;Pop;Eletrônica;Sertanejo;Funk;MPB;Jazz;Rap;Clássica,Manhã,Ação;Comédia;Drama;Ficção Científica;Terror;Documentário;Animação;Romance,Fernando de Noronha ,"São Paulo, São Paulo, -23.5329, -46.6441",São Paulo,São Paulo,-23.5329,-46.6441
45,2024-07-02 13:58:10,2024-07-02 14:00:07,Data & Analytics,1-3 anos,Fruta,Suco de Frutas,São Paulo ,Chat,Jogos,Rock;Pop;Eletrônica;Sertanejo,Final da tarde,Comédia;Ficção Científica;Animação,Japão ,"São Paulo, São Paulo, -23.5329, -46.6441",São Paulo,São Paulo,-23.5329,-46.6441
46,2024-07-02 13:57:41,2024-07-02 14:00:14,Produtos Digitais,<1 ano,Sanduíche,Café,São Paulo ,Chat,Cozinhar,Eletrônica;Rap;Rock,Manhã,Ação;Animação;Comédia,Japão ,"São Paulo, São Paulo, -23.5329, -46.6441",São Paulo,São Paulo,-23.5329,-46.6441
47,2024-07-02 13:57:25,2024-07-02 14:00:25,Data & Analytics,1-3 anos,Sanduíche,Suco de Frutas,São Paulo ,Chat,Esportes,Eletrônica;Sertanejo;Funk;MPB;Rap,Manhã,Ação;Comédia;Drama;Ficção Científica;Documentário;Animação;Romance,Tailândia ,"São Paulo, São Paulo, -23.5329, -46.6441",São Paulo,São Paulo,-23.5329,-46.6441
48,2024-07-02 14:00:20,2024-07-02 14:00:27,Inovação,1-3 anos,Sanduíche,Suco de Frutas,São Paulo,Chat,Esportes,Pop;Rap;Sertanejo;Funk;MPB,Começo da tarde,Comédia;Drama;Romance,Grécia,"São Paulo, São Paulo, -23.5329, -46.6441",São Paulo,São Paulo,-23.5329,-46.6441
49,2024-07-02 13:56:42,2024-07-02 14:00:27,Data & Analytics,1-3 anos,Pão de Queijo,Café,Uberlândia-MG,Reuniões,Leitura,Rock;Clássica;Jazz;Pop,Manhã,Ação;Comédia;Drama;Ficção Científica,Itália ,"Uberlândia, Minas Gerais, -18.9175, -48.2777",Uberlândia,Minas Gerais,-18.9175,-48.2777
50,2024-07-02 14:00:00,2024-07-02 14:02:04,P&D,10+ anos,Sanduíche,Café,Jundiaí,Chat,Jogos,MPB;Pop,Final da tarde,Ficção Científica;Animação,Itália,"Jundiaí, São Paulo, -23.1987, -46.9001",Jundiaí,São Paulo,-23.1987,-46.9001
51,2024-07-02 14:00:46,2024-07-02 14:02:06,Data & Analytics,7-10 anos,Pão de Queijo,Café,Suzano,Chat,Assistir TV ou Cinema,Rock;Pop;Rap,Começo da tarde,Ação;Comédia;Drama;Ficção Científica;Animação,Japão ,"Suzano, São Paulo, -23.5722, -46.3167",Suzano,São Paulo,-23.5722,-46.3167
52,2024-07-02 14:00:28,2024-07-02 14:02:09,P&D,10+ anos,Sanduíche,Café,São Paulo,Reuniões,Esportes,Rock;Jazz;Clássica,Começo da tarde,Ação;Comédia;Ficção Científica;Documentário,Egito,"São Paulo, São Paulo, -23.5329, -46.6441",São Paulo,São Paulo,-23.5329,-46.6441
53,2024-07-02 14:01:03,2024-07-02 14:03:09,Publicidade,<1 ano,Sanduíche,Suco de Frutas,São Paulo,E-mail,Jogos,Rock,Começo da tarde,Ficção Científica,Egito,"São Paulo, São Paulo, -23.5329, -46.6441",São Paulo,São Paulo,-23.5329,-46.6441
54,2024-07-02 13:50:53,2024-07-02 14:03:24,Produtos Digitais,1-3 anos,Pão de Queijo,Café,Belo Horizonte,Reuniões,Jogos,Sertanejo;Rock;Pop,Manhã,Terror;Documentário;Ficção Científica,Italia,"Belo Horizonte, Minas Gerais, -19.9242, -43.9381",Belo Horizonte,Minas Gerais,-19.9242,-43.9381
55,2024-07-02 14:01:14,2024-07-02 14:03:28,Produtos Digitais,4-6 anos,Salada de frutas,Água,São Paulo,Chat,Esportes,Eletrônica;Rock;Rap,Manhã,Ação;Comédia;Ficção Científica;Terror;Documentário;Animação,Dubai,"São Paulo, São Paulo, -23.5329, -46.6441",São Paulo,São Paulo,-23.5329,-46.6441
56,2024-07-02 14:00:58,2024-07-02 14:03:44,Atendimento,4-6 anos,Sanduíche,Café,Sorocaba,Chat,Viajar,Pop;Jazz;Rap;Rock;Sertanejo;MPB;Clássica,Começo da tarde,Ação;Comédia;Drama;Ficção Científica;Terror;Animação;Romance;Documentário,Islândia,"Sorocaba, São Paulo, -23.4941, -47.4502",Sorocaba,São Paulo,-23.4941,-47.4502
57,2024-07-02 13:58:47,2024-07-02 14:03:53,Data & Analytics,1-3 anos,Pão de Queijo,Chocolate quente,São Paulo ,Telefone,Esportes,Rock;Rap;Eletrônica,Começo da tarde,Ação;Comédia;Drama,Itália ,"São Paulo, São Paulo, -23.5329, -46.6441",São Paulo,São Paulo,-23.5329,-46.6441
58,2024-07-02 14:01:02,2024-07-02 14:04:07,Sistemas Corporativos,10+ anos,Sanduíche,Suco de Frutas,São Paulo,Chat,Esportes,Rock,Começo da tarde,Ficção Científica;Comédia,Paris (França),"São Paulo, São Paulo, -23.5329, -46.6441",São Paulo,São Paulo,-23.5329,-46.6441
59,2024-07-02 14:00:57,2024-07-02 14:04:14,Host,1-3 anos,Sanduíche,Suco de Frutas,São Paulo,Reuniões,Leitura,Rock;Clássica,Começo da tarde,Ação;Ficção Científica,Taj Mahal na Índia ,"São Paulo, São Paulo, -23.5329, -46.6441",São Paulo,São Paulo,-23.5329,-46.6441
60,2024-07-02 14:01:37,2024-07-02 14:04:15,Publicidade,1-3 anos,Salada de frutas,Suco de Frutas,Belo Horizonte,Chat,Cozinhar,Rock;Pop,Começo da tarde,Drama;Terror;Romance,Grécia,"Belo Horizonte, Minas Gerais, -19.9242, -43.9381",Belo Horizonte,Minas Gerais,-19.9242,-43.9381
61,2024-07-02 14:02:02,2024-07-02 14:04:37,P&D,1-3 anos,Bolo,Café,São Paulo,Chat,Jogos,Rock;Rap,Começo da tarde,Ação;Comédia;Terror;Animação,Espanha,"São Paulo, São Paulo, -23.5329, -46.6441",São Paulo,São Paulo,-23.5329,-46.6441
62,2024-07-02 14:02:15,2024-07-02 14:04:50,P&D,1-3 anos,Pão de Queijo,Café,"São Paulo, SP",Chat,Assistir TV ou Cinema,Eletrônica;Sertanejo;Pop;Rock;Rap,Manhã,Ação;Ficção Científica;Terror;Animação,Parque Jalapão,"São Paulo, São Paulo, -23.5329, -46.6441",São Paulo,São Paulo,-23.5329,-46.6441
63,2024-07-02 14:03:14,2024-07-02 14:04:59,Operações,1-3 anos,Sanduíche,Café,Caruaru,Telefone,Assistir TV ou Cinema,Rock;Pop;MPB,Final da tarde,Ação;Comédia;Ficção Científica;Documentário;Animação,Europa,"Caruaru, Pernambuco, -8.2850, -35.9756",Caruaru,Pernambuco,-8.2850,-35.9756
64,2024-07-02 14:03:41,2024-07-02 14:05:36,Data & Analytics,1-3 anos,Pão de Queijo,Café,Brasília - DF,Chat,Viajar,Sertanejo,Manhã,Ação;Ficção Científica;Animação;Romance,Grécia,"Brasília, Distrito Federal, -15.7942, -47.8825",Brasília,Distrito Federal,-15.7942,-47.8825
65,2024-07-02 14:03:03,2024-07-02 14:05:39,Operações,4-6 anos,Pão de Queijo,Água,São Paulo,Reuniões,Jogos,Rock;Pop;Jazz;Rap;Eletrônica;Sertanejo;Funk,Manhã,Ação;Comédia;Drama;Ficção Científica;Terror;Documentário;Animação;Romance,Dubai,"São Paulo, São Paulo, -23.5329, -46.6441",São Paulo,São Paulo,-23.5329,-46.6441
66,2024-07-02 14:02:57,2024-07-02 14:05:50,E-mail,4-6 anos,Pão de Queijo,Chocolate quente,Sao Paulo,Chat,Jogos,Rock,Manhã,Ação;Ficção Científica;Terror;Animação,disney,"São Paulo, São Paulo, -23.5329, -46.6441",São Paulo,São Paulo,-23.5329,-46.6441
67,2024-07-02 14:02:12,2024-07-02 14:05:54,P&D,<1 ano,Sanduíche,Suco de Frutas,São Paulo,Reuniões,Jogos,Rap;Eletrônica;Pop,Começo da tarde,Ficção Científica;Ação;Documentário,Florianopolis,"São Paulo, São Paulo, -23.5329, -46.6441",São Paulo,São Paulo,-23.5329,-46.6441
68,2024-07-02 14:03:24,2024-07-02 14:06:02,P&D,1-3 anos,Sanduíche,Café,Uberlândia,Chat,Assistir TV ou Cinema,Rock;Sertanejo;Eletrônica,Começo da tarde,Ação;Comédia;Romance,Maldivas,"Uberlândia, Minas Gerais, -18.9194, -48.2722",Uberlândia,Minas Gerais,-18.9194,-48.2722
69,2024-07-02 14:03:04,2024-07-02 14:06:22,Infraestrutura,1-3 anos,Sanduíche,Café,Diadema SP,E-mail,Assistir TV ou Cinema,Rock;Sertanejo,Começo da tarde,Ação;Comédia,Fernando de Noronha,"Diadema, São Paulo, -23.6898, -46.5865",Diadema,São Paulo,-23.6898,-46.5865
70,2024-07-02 14:05:36,2024-07-02 14:06:30,Operações,7-10 anos,Sanduíche,Água,São Paulo,Telefone,Jogos,Pop,Manhã,Comédia,caribe,"São Paulo, São Paulo, -23.5329, -46.6441",São Paulo,São Paulo,-23.5329,-46.6441
71,2024-07-02 14:01:50,2024-07-02 14:06:41,Conteúdo,1-3 anos,Sanduíche,Café,são paulo,Chat,Esportes,Rock,Começo da tarde,Ficção Científica,Itália,"São Paulo, São Paulo, -23.5329, -46.6441",São Paulo,São Paulo,-23.5329,-46.6441
72,2024-07-02 14:03:03,2024-07-02 14:06:51,P&D,7-10 anos,Fruta,Água,São Paulo,Chat,Jogos,Rock,Começo da tarde,Ação;Comédia;Ficção Científica;Animação,NY,"São Paulo, São Paulo, -23.5329, -46.6441",São Paulo,São Paulo,-23.5329,-46.6441
73,2024-07-02 14:05:59,2024-07-02 14:07:21,Produtos Digitais,4-6 anos,Fruta,Café,São Paulo,Chat,Viajar,Rap,Manhã,Ação;Comédia,China,"São Paulo, São Paulo, -23.5329, -46.6441",São Paulo,São Paulo,-23.5329,-46.6441
74,2024-07-02 14:04:39,2024-07-02 14:07:47,Parcerias,1-3 anos,Sanduíche,Suco de Frutas,Mairiporã - SP,Chat,Leitura,Pop,Começo da tarde,Terror;Animação,Pará,"Mairiporã, São Paulo, -23.3563, -46.7302",Mairiporã,São Paulo,-23.3563,-46.7302
75,2024-07-02 14:06:33,2024-07-02 14:08:08,Atendimento,10+ anos,Fruta,Água,sao bernardo do campo,Chat,Esportes,Sertanejo,Começo da tarde,Ação;Drama;Documentário,maragogi,"São Bernardo do Campo, São Paulo, -23.6940, -46.5597",São Bernardo do Campo,São Paulo,-23.6940,-46.5597
76,2024-07-02 14:06:48,2024-07-02 14:08:24,P&D,4-6 anos,Fruta,Suco de Frutas,Diadema,Chat,Esportes,MPB;Jazz,Começo da tarde,Ficção Científica;Ação,New York,"Diadema, São Paulo, -23.6803, -46.5898",Diadema,São Paulo,-23.6803,-46.5898
77,2024-07-02 14:05:27,2024-07-02 14:08:35,Atendimento,10+ anos,Pão de Queijo,Café,Ibiúna,Chat,Assistir TV ou Cinema,Rock,Começo da tarde,Ficção Científica,EUA,"Ibiúna, São Paulo, -23.5201, -47.0637",Ibiúna,São Paulo,-23.5201,-47.0637
78,2024-07-02 14:07:37,2024-07-02 14:09:11,Publicidade,4-6 anos,Pão de Queijo,Suco de Frutas,Santo André,Chat,Viajar,Pop;Sertanejo,Começo da tarde,Comédia;Animação;Romance,Itália,"Santo André, São Paulo, -23.6602, -46.5311",Santo André,São Paulo,-23.6602,-46.5311
79,2024-07-02 14:04:28,2024-07-02 14:09:14,P&D,1-3 anos,Fruta,Água,Natal,Reuniões,Jogos,Rock;Pop;Jazz,Começo da tarde,Ficção Científica;Ação;Animação,Frankfurt am main,"Natal, Rio Grande do Norte, -5.7938, -35.2040",Natal,Rio Grande do Norte,-5.7938,-35.2040
80,2024-07-02 14:07:27,2024-07-02 14:09:21,Conteúdo,1-3 anos,Sanduíche,Chocolate quente,Brasilia - DF,Chat,Viajar,Rock,Começo da tarde,Ação;Comédia;Ficção Científica,Santorini Grécia,"Brasília, Distrito Federal, -15.7801, -47.9292",Brasília,Distrito Federal,-15.7801,-47.9292
81,2024-07-02 14:08:50,2024-07-02 14:09:44,Publicidade,1-3 anos,Sanduíche,Suco de Frutas,Salvador,Chat,Jogos,Rap,Manhã,Comédia;Ficção Científica;Ação,Itália,"Salvador, Bahia, -12.9843, -38.5119",Salvador,Bahia,-12.9843,-38.5119
82,2024-07-02 14:08:08,2024-07-02 14:09:58,Atendimento,10+ anos,Pão de Queijo,Café,Uberlândia,Reuniões,Viajar,Rock;Sertanejo,Manhã,Comédia;Ação;Ficção Científica;Documentário;Animação,Macho Picchu,"Uberlândia, Minas Gerais, -18.9183, -48.2779",Uberlândia,Minas Gerais,-18.9183,-48.2779
83,2024-07-02 14:07:44,2024-07-02 14:10:09,Financeiro,10+ anos,Salada de frutas,Água,Santo André,E-mail,Assistir TV ou Cinema,Rock;Pop;Sertanejo,Manhã,Comédia;Romance,Portugal.,"Santo André, São Paulo, -23.6531, -46.5482",Santo André,São Paulo,-23.6531,-46.5482
84,2024-07-02 14:08:19,2024-07-02 14:10:12,Produtos Digitais,1-3 anos,Bolo,Água,São Paulo - SP,Chat,Leitura,Pop;Funk,Manhã,Ação;Ficção Científica;Comédia;Drama;Documentário;Animação,Itália ,"São Paulo, São Paulo, -23.5329, -46.6441",São Paulo,São Paulo,-23.5329,-46.6441
85,2024-07-02 14:00:41,2024-07-02 14:10:19,P&D,1-3 anos,Pão de Queijo,Água,São Paulo,Chat,Jogos,Funk;Sertanejo;Pop;Rock;Rap,Começo da tarde,Comédia;Romance,"Buenos Aires, Los Angeles, Porto Rico","São Paulo, São Paulo, -23.5329, -46.6441",São Paulo,São Paulo,-23.5329,-46.6441
86,2024-07-02 14:05:46,2024-07-02 14:10:21,Operações,1-3 anos,Bolo,Café,"Cruzeiro, São Paulo",E-mail,Viajar,Rock,Começo da tarde,Ação;Ficção Científica;Animação,Canadá,"Cruzeiro, São Paulo, -22.4941, -44.9182",Cruzeiro,São Paulo,-22.4941,-44.9182
87,2024-07-02 14:08:42,2024-07-02 14:10:26,planejamento financeiro,1-3 anos,Sanduíche,Suco de Frutas,são paulo,Chat,Cozinhar,Sertanejo;MPB,Manhã,Comédia;Ação;Documentário;Animação;Terror,Europa,"São Paulo, São Paulo, -23.5329, -46.6441",São Paulo,São Paulo,-23.5329,-46.6441
88,2024-07-02 14:08:55,2024-07-02 14:10:26,Host,<1 ano,Sanduíche,Café,Itanhaém - SP,Chat,Assistir TV ou Cinema,Rock;Jazz;Rap;MPB;Clássica;Eletrônica,Começo da tarde,Ação;Comédia;Ficção Científica;Documentário;Animação,Holanda,"Itanhaém, São Paulo, -24.1942, -46.7930",Itanhaém,São Paulo,-24.1942,-46.7930
89,2024-07-02 14:08:56,2024-07-02 14:10:30,Ingresso.com,1-3 anos,Sanduíche,Chocolate quente,Rio de Janeiro,Chat,Jogos,Rock;Pop;Funk;MPB,Começo da tarde,Drama;Animação,Paris,"Rio de Janeiro, Rio de Janeiro, -22.9083, -43.2075",Rio de Janeiro,Rio de Janeiro,-22.9083,-43.2075
90,2024-07-02 14:08:26,2024-07-02 14:10:40,Operações,1-3 anos,Pão de Queijo,Café,São Paulo,Chat,Jogos,Rock,Manhã,Terror,Manchester,"São Paulo, São Paulo, -23.5329, -46.6441",São Paulo,São Paulo,-23.5329,-46.6441
91,2024-07-02 13:53:51,2024-07-02 14:10:50,P&D,7-10 anos,Sanduíche,Água,Mogi das Cruzes,Chat,Assistir TV ou Cinema,Rock;Eletrônica;Rap,Começo da tarde,Terror;Ficção Científica;Drama,San Andrés,"Mogi das Cruzes, São Paulo, -23.5189, -46.1968",Mogi das Cruzes,São Paulo,-23.5189,-46.1968
92,2024-07-02 14:08:44,2024-07-02 14:10:56,Marketing,1-3 anos,Pão de Queijo,Suco de Frutas,São Paulo,Telefone,Viajar,Pop,Manhã,Comédia;Terror;Documentário,Turks & Caicos ,"São Paulo, São Paulo, -23.5329, -46.6441",São Paulo,São Paulo,-23.5329,-46.6441
93,2024-07-02 14:08:30,2024-07-02 14:10:57,Atendimento,1-3 anos,Sanduíche,Suco de Frutas,São Paulo,Reuniões,Jogos,Pop;Eletrônica,Começo da tarde,Ação;Comédia;Ficção Científica;Animação,Noruega,"São Paulo, São Paulo, -23.5329, -46.6441",São Paulo,São Paulo,-23.5329,-46.6441
94,2024-07-02 14:08:42,2024-07-02 14:11:06,Operações,1-3 anos,Sanduíche,Suco de Frutas,São Paulo,E-mail,Jogos,Rock,Manhã,Animação;Ficção Científica;Terror;Drama,Dinamarca,"São Paulo, São Paulo, -23.5329, -46.6441",São Paulo,São Paulo,-23.5329,-46.6441
95,2024-07-02 14:09:04,2024-07-02 14:11:11,Financeiro,<1 ano,Pão de Queijo,Suco de Frutas,Sorocaba,Chat,Viajar,Eletrônica,Manhã,Comédia;Terror,Grécia,"Sorocaba, São Paulo, -23.5006, -47.4480",Sorocaba,São Paulo,-23.5006,-47.4480
96,2024-07-02 14:09:27,2024-07-02 14:11:14,Data & Analytics,1-3 anos,Pão de Queijo,Suco de Frutas,Itabaiana,Chat,Jogos,Rock;Eletrônica;Rap,Começo da tarde,Ação;Drama;Ficção Científica;Comédia;Documentário,Austrália,"Itabaiana, Sergipe, -10.7188, -37.3836",Itabaiana,Sergipe,-10.7188,-37.3836
97,2024-07-02 14:09:37,2024-07-02 14:11:14,Infraestrutura,7-10 anos,Sanduíche,Suco de Frutas,Sao Paulo,Chat,Jogos,Rock,Começo da tarde,Ficção Científica,Estados Unidos,"São Paulo, São Paulo, -23.5329, -46.6441",São Paulo,São Paulo,-23.5329,-46.6441
98,2024-07-02 14:08:48,2024-07-02 14:11:17,Produtos Digitais,1-3 anos,Pão de Queijo,Café,Recife,Reuniões,Jogos,Eletrônica;Pop,Começo da tarde,Ação;Ficção Científica;Animação,Mykonos - Grécia,"Recife, Pernambuco, -8.0598, -34.8788",Recife,Pernambuco,-8.0598,-34.8788
99,2024-07-02 14:10:09,2024-07-02 14:11:19,Produtos Digitais,1-3 anos,Pão de Queijo,Suco de Frutas,São Paulo,E-mail,Esportes,Rock;MPB,Começo da tarde,Documentário,Sidney,"São Paulo, São Paulo, -23.5329, -46.6441",São Paulo,São Paulo,-23.5329,-46.6441
100,2024-07-02 14:09:04,2024-07-02 14:11:24,Conteúdo,1-3 anos,Pão de Queijo,Café,Santo André,Reuniões,Assistir TV ou Cinema,Rock;Pop;MPB,Manhã,Romance;Animação;Terror,Paris,"Santo André, São Paulo, -23.6555, -46.5347",Santo André,São Paulo,-23.6555,-46.5347
101,2024-07-02 14:10:11,2024-07-02 14:11:27,Conteúdo,1-3 anos,Pão de Queijo,Café,São Paulo,Chat,Jogos,Rock;Rap,Manhã,Ficção Científica;Comédia,Japão,"São Paulo, São Paulo, -23.5329, -46.6441",São Paulo,São Paulo,-23.5329,-46.6441
102,2024-07-02 14:09:21,2024-07-02 14:11:27,Atendimento,4-6 anos,Sanduíche,Café,São Paulo,Chat,Esportes,Funk,Manhã,Ação;Comédia,Ilhas Maldivas,"São Paulo, São Paulo, -23.5329, -46.6441",São Paulo,São Paulo,-23.5329,-46.6441
103,2024-07-02 14:08:15,2024-07-02 14:11:34,Conteúdo,1-3 anos,Bolo,Café,São Paulo,E-mail,Viajar,Pop,Começo da tarde,Drama;Documentário,Japão,"São Paulo, São Paulo, -23.5329, -46.6441",São Paulo,São Paulo,-23.5329,-46.6441
104,2024-07-02 14:08:02,2024-07-02 14:12:00,Host,1-3 anos,Pão de Queijo,Água,Limeira,Chat,Esportes,Pop;MPB;Rock;Clássica,Final da tarde,Animação;Ficção Científica;Ação,Thailandia ,"Limeira, São Paulo, -22.5628, -47.3906",Limeira,São Paulo,-22.5628,-47.3906
105,2024-07-02 14:09:00,2024-07-02 14:12:10,colab,<1 ano,Sanduíche,Suco de Frutas,São Caetano do sul,Chat,Viajar,Pop,Começo da tarde,Terror;Ficção Científica;Comédia,Islândia ,"São Caetano do Sul, São Paulo, -23.6577, -46.5788


    input: guarulhos sp
    output: Guarulhos, São Paulo, -23.4630, -46.5346",,,,
106,2024-07-02 14:10:19,2024-07-02 14:12:19,Parcerias,10+ anos,Bolo,Água,São Paulo,Chat,Assistir TV ou Cinema,Pop;Sertanejo;MPB,Começo da tarde,Comédia;Romance;Ação,Itália,"São Paulo, São Paulo, -23.5329, -46.6441",São Paulo,São Paulo,-23.5329,-46.6441
107,2024-07-02 14:10:11,2024-07-02 14:12:19,Publicidade,1-3 anos,Pão de Queijo,Café,São Paulo,E-mail,Esportes,Pop;Sertanejo;Rock;Eletrônica,Começo da tarde,Ação;Comédia;Romance,Natal,"São Paulo, São Paulo, -23.5329, -46.6441",São Paulo,São Paulo,-23.5329,-46.6441
108,2024-07-02 14:10:29,2024-07-02 14:12:27,P&D,4-6 anos,Salada de frutas,Café,Carapicuíba - São Paulo,Reuniões,Assistir TV ou Cinema,Rock;Eletrônica,Manhã,Ação;Drama;Documentário;Animação,Espanha,"Carapicuíba, São Paulo, -23.5136, -46.8672",Carapicuíba,São Paulo,-23.5136,-46.8672
109,2024-07-02 14:11:32,2024-07-02 14:12:36,Conteúdo,10+ anos,Salada de frutas,Café,São Bernardo do Campo,Chat,Viajar,MPB;Pop;Jazz,Manhã,Comédia;Drama;Animação,Indonésia,"São Bernardo do Campo, São Paulo, -23.6897, -46.5699",São Bernardo do Campo,São Paulo,-23.6897,-46.5699
110,2024-07-02 14:11:29,2024-07-02 14:12:39,P&D,1-3 anos,Fruta,Chocolate quente,Rio de Janeiro,Chat,Esportes,MPB,Manhã,Ficção Científica,Israel,"Rio de Janeiro, Rio de Janeiro, -22.9083, -43.2075",Rio de Janeiro,Rio de Janeiro,-22.9083,-43.2075
111,2024-07-02 14:11:00,2024-07-02 14:12:48,Produtos Digitais,1-3 anos,Bolo,Café,sp,Chat,Viajar,Pop,Começo da tarde,Comédia,disney,"São Paulo, São Paulo, -23.5329, -46.6441",São Paulo,São Paulo,-23.5329,-46.6441
112,2024-07-02 14:11:08,2024-07-02 14:12:50,Conteúdo,4-6 anos,Sanduíche,Café,Sao Paulo,Chat,Viajar,Rock;Pop;Rap;Eletrônica;Sertanejo,Começo da tarde,Ação;Comédia;Drama;Ficção Científica;Terror;Documentário,Grecia,"São Paulo, São Paulo, -23.5329, -46.6441",São Paulo,São Paulo,-23.5329,-46.6441
113,2024-07-02 14:10:50,2024-07-02 14:12:50,P&D,4-6 anos,Salada de frutas,Café,Diadema,Chat,Esportes,Rock;Clássica,Começo da tarde,Comédia;Ação;Ficção Científica,Londres,"Diadema, São Paulo, -23.6774, -46.6029",Diadema,São Paulo,-23.6774,-46.6029
114,2024-07-02 14:08:29,2024-07-02 14:12:51,Conteúdo,4-6 anos,Pão de Queijo,Café,São Paulo,Chat,Viajar,Rock;MPB;Pop,Começo da tarde,Ficção Científica;Documentário,Antártida ,"São Paulo, São Paulo, -23.5329, -46.6441",São Paulo,São Paulo,-23.5329,-46.6441
115,2024-07-02 14:04:27,2024-07-02 14:12:58,Produtos Digitais,1-3 anos,Pão de Queijo,Café,São Paulo,Chat,Assistir TV ou Cinema,Pop,Começo da tarde,Documentário;Ficção Científica;Animação,Chile ,"São Paulo, São Paulo, -23.5329, -46.6441",São Paulo,São Paulo,-23.5329,-46.6441
116,2024-07-02 14:09:59,2024-07-02 14:13:11,Publicidade,1-3 anos,Sanduíche,Suco de Frutas,São Paulo,Chat,Viajar,MPB;Rock;Pop,Começo da tarde,Documentário;Drama,Cape Town,"São Paulo, São Paulo, -23.5329, -46.6441",São Paulo,São Paulo,-23.5329,-46.6441
117,2024-07-02 14:12:02,2024-07-02 14:13:22,Publicidade,<1 ano,Sanduíche,Suco de Frutas,"São Paulo, SP",Chat,Jogos,Clássica;Pop;Jazz;Rock,Começo da tarde,Comédia;Animação;Romance;Terror;Ação,Japão,"São Paulo, São Paulo, -23.5329, -46.6441",São Paulo,São Paulo,-23.5329,-46.6441
118,2024-07-02 14:11:22,2024-07-02 14:13:27,P&D,10+ anos,Pão de Queijo,Café,Caçapava/SP,Chat,Leitura,Clássica,Começo da tarde,Ficção Científica,Nordeste,"Caçapava, São Paulo, -23.1758, -45.7060",Caçapava,São Paulo,-23.1758,-45.7060
119,2024-07-02 14:10:59,2024-07-02 14:13:30,Produtos Digitais,4-6 anos,Bolo,Água,São Paulo,Chat,Assistir TV ou Cinema,Rock,Começo da tarde,Documentário;Comédia;Terror,Japão,"São Paulo, São Paulo, -23.5329, -46.6441",São Paulo,São Paulo,-23.5329,-46.6441
120,2024-07-02 14:11:35,2024-07-02 14:13:36,Publicidade,7-10 anos,Pão de Queijo,Chocolate quente,São Bernardo do Campo,Chat,Assistir TV ou Cinema,Rock,Começo da tarde,Ação,Jericoacoara/CE,"São Bernardo do Campo, São Paulo, -23.6826, -46.5667",São Bernardo do Campo,São Paulo,-23.6826,-46.5667
121,2024-07-02 14:10:40,2024-07-02 14:13:51,Atendimento,4-6 anos,Salada de frutas,Suco de Frutas,São Paulo,Chat,Esportes,Rap;Funk;Rock,Começo da tarde,Comédia;Drama,Europa e Nordeste do Brasil,"São Paulo, São Paulo, -23.5329, -46.6441",São Paulo,São Paulo,-23.5329,-46.6441
122,2024-07-02 14:11:31,2024-07-02 14:13:54,Operações,4-6 anos,Pão de Queijo,Chocolate quente,São Paulo,Chat,Jogos,Rock;MPB,Começo da tarde,Ficção Científica;Terror;Documentário;Animação,Noruega,"São Paulo, São Paulo, -23.5329, -46.6441",São Paulo,São Paulo,-23.5329,-46.6441
123,2024-07-02 14:11:32,2024-07-02 14:13:59,Atendimento,10+ anos,Sanduíche,Café,São Paulo ,Chat,Leitura,Rock;Clássica;Jazz,Manhã,Ação;Ficção Científica;Documentário;Animação,Berlim," output: São Paulo, São Paulo, -23.5329, -46.6441", output: São Paulo,São Paulo,-23.5329,-46.6441
124,2024-07-02 14:12:29,2024-07-02 14:14:46,Ingresso.com,<1 ano,Sanduíche,Chocolate quente,Rio de Janeiro,Chat,Viajar,Pop;Eletrônica;Funk;MPB,Começo da tarde,Comédia;Documentário;Ação,Grécia,"Rio de Janeiro, Rio de Janeiro, -22.9083, -43.2075",Rio de Janeiro,Rio de Janeiro,-22.9083,-43.2075
125,2024-07-02 14:12:25,2024-07-02 14:14:52,Produtos Digitais,1-3 anos,Pão de Queijo,Suco de Frutas,Mairiporã,E-mail,Leitura,Eletrônica;Pop,Começo da tarde,Ação;Ficção Científica,Miami,"Mairiporã, São Paulo, -23.5158, -46.5625",Mairiporã,São Paulo,-23.5158,-46.5625
126,2024-07-02 14:14:09,2024-07-02 14:15:23,Data & Analytics,1-3 anos,Bolo,Chocolate quente,Rio de Janeiro,Chat,Leitura,MPB;Rock;Pop,Manhã,Comédia;Romance;Animação,Chile,"Rio de Janeiro, Rio de Janeiro, -22.9083, -43.2075",Rio de Janeiro,Rio de Janeiro,-22.9083,-43.2075
127,2024-07-02 14:12:50,2024-07-02 14:15:25,Data & Analytics,<1 ano,Sanduíche,Chá,Osasco,Chat,Esportes,Pop;MPB,Manhã,Terror;Ação;Ficção Científica;Animação;Romance,Londres,"Osasco, São Paulo, -23.5455, -46.7717",Osasco,São Paulo,-23.5455,-46.7717
128,2024-07-02 14:13:32,2024-07-02 14:15:29,Publicidade,1-3 anos,Sanduíche,Café,Cruzeiro - SP,Chat,Jogos,Pop;Funk,Começo da tarde,Ação;Comédia;Drama;Animação;Romance,Barcelona,"Cruzeiro, São Paulo, -22.4294, -45.8706",Cruzeiro,São Paulo,-22.4294,-45.8706
129,2024-07-02 14:14:10,2024-07-02 14:15:36,Conteúdo,10+ anos,Sanduíche,Suco de Frutas,São Paulo,Chat,Cozinhar,MPB,Começo da tarde,Drama;Ficção Científica;Terror;Romance,Paris,"São Paulo, São Paulo, -23.5329, -46.6441",São Paulo,São Paulo,-23.5329,-46.6441
130,2024-07-02 14:09:54,2024-07-02 14:15:37,Conteúdo,1-3 anos,Sanduíche,Café,São José dos Campos,Reuniões,Esportes,Rock,Começo da tarde,Ação;Comédia;Ficção Científica;Terror;Animação,Bora Bora,"São José dos Campos, São Paulo, -23.2104, -45.8851",São José dos Campos,São Paulo,-23.2104,-45.8851
131,2024-07-02 14:14:09,2024-07-02 14:15:40,Publicidade,4-6 anos,Pão de Queijo,Suco de Frutas,São Paulo,Chat,Cozinhar,Pop;Jazz;MPB,Começo da tarde,Comédia,Itália ,"São Paulo, São Paulo, -23.5329, -46.6441",São Paulo,São Paulo,-23.5329,-46.6441
132,2024-07-02 14:11:58,2024-07-02 14:15:53,Produtos Digitais,1-3 anos,Salada de frutas,Água,Americana,Chat,Esportes,Rock;Rap;Jazz;Clássica,Manhã,Drama;Ação;Ficção Científica;Animação,paris,"Americana, São Paulo, -22.7541, -47.3386",Americana,São Paulo,-22.7541,-47.3386
133,2024-07-02 14:14:18,2024-07-02 14:16:03,Operações,10+ anos,Salada de frutas,Suco de Frutas,São Paulo,Telefone,Assistir TV ou Cinema,MPB;Eletrônica;Rock,Final da tarde,Documentário;Ação,Londres,"São Paulo, São Paulo, -23.5329, -46.6441",São Paulo,São Paulo,-23.5329,-46.6441
134,2024-07-02 14:12:49,2024-07-02 14:16:05,Atendimento,1-3 anos,Pão de Queijo,Chocolate quente,Osasco,Chat,Viajar,Pop,Começo da tarde,Comédia;Animação;Romance;Ação,Egito,"Osasco, São Paulo, -23.5492, -46.7904",Osasco,São Paulo,-23.5492,-46.7904
135,2024-07-02 14:13:17,2024-07-02 14:16:30,Atendimento,1-3 anos,Pão de Queijo,Café,Vila Velha - ES,Chat,Viajar,Rock;Pop,Começo da tarde,Ação;Comédia;Ficção Científica;Animação,Orlando - Disney,"Vila Velha, Espírito Santo, -20.3335, -40.2914",Vila Velha,Espírito Santo,-20.3335,-40.2914
136,2024-07-02 14:14:59,2024-07-02 14:16:35,RH,<1 ano,Sanduíche,Suco de Frutas,São Paulo,Chat,Jogos,Pop,Começo da tarde,Drama;Documentário;Ficção Científica,Rio de Janeiro,"São Paulo, São Paulo, -23.5329, -46.6441",São Paulo,São Paulo,-23.5329,-46.6441
137,2024-07-02 14:15:35,2024-07-02 14:16:42,Produtos Digitais,1-3 anos,Sanduíche,Café,São Paulo ,Chat,Jogos,Rock;Rap;Eletrônica,Manhã,Ação;Ficção Científica;Documentário,Dubai,"São Paulo, São Paulo, -23.5329, -46.6441",São Paulo,São Paulo,-23.5329,-46.6441
138,2024-07-02 14:15:20,2024-07-02 14:17:33,Data & Analytics,1-3 anos,Pão de Queijo,Chá,Osasco ,E-mail,Esportes,Rock;Pop;Jazz;Rap;Eletrônica;Sertanejo;Funk;MPB;Clássica,Começo da tarde,Ação;Comédia;Drama;Terror;Documentário;Animação;Romance,Pernambuco,"Osasco, São Paulo, -23.5469, -46.7832",Osasco,São Paulo,-23.5469,-46.7832
139,2024-07-02 14:14:38,2024-07-02 14:17:55,Operações,4-6 anos,Sanduíche,Água,São Paulo,Chat,Esportes,Rock;Pop,Começo da tarde,Ação;Comédia;Drama;Terror,New York,"São Paulo, São Paulo, -23.5329, -46.6441",São Paulo,São Paulo,-23.5329,-46.6441
140,2024-07-02 14:17:05,2024-07-02 14:18:29,Produtos Digitais,1-3 anos,Sanduíche,Água,São Paulo ,Chat,Assistir TV ou Cinema,Rap;Sertanejo;MPB,Começo da tarde,Comédia;Ficção Científica;Terror,França ,"São Paulo, São Paulo, -23.5329, -46.6441",São Paulo,São Paulo,-23.5329,-46.6441
141,2024-07-02 14:07:24,2024-07-02 14:19:04,Atendimento,4-6 anos,Pão de Queijo,Café,São Paulo,E-mail,Jogos,Rock;Jazz;Pop;Sertanejo,Final da tarde,Comédia;Terror;Ficção Científica;Documentário;Romance;Animação,Italia,"São Paulo, São Paulo, -23.5329, -46.6441",São Paulo,São Paulo,-23.5329,-46.6441
142,2024-07-02 14:12:52,2024-07-02 14:19:33,Conteúdo,1-3 anos,Pão de Queijo,Suco de Frutas,Rio de Janeiro,Chat,Viajar,Jazz;Clássica,Final da tarde,Ação;Comédia;Ficção Científica;Documentário;Animação,China,"Rio de Janeiro, Rio de Janeiro, -22.9083, -43.2075",Rio de Janeiro,Rio de Janeiro,-22.9083,-43.2075
143,2024-07-02 14:10:16,2024-07-02 14:19:42,Host,4-6 anos,Salada de frutas,Café,São Paulo ,Chat,Viajar,MPB;Clássica;Jazz,Final da tarde,Ficção Científica;Documentário;Animação,"Paris, Madrid e Olinda","São Paulo, São Paulo, -23.5329, -46.6441",São Paulo,São Paulo,-23.5329,-46.6441
144,2024-07-02 14:18:31,2024-07-02 14:20:07,Cloud,10+ anos,Sanduíche,Água,Guarulhos,Chat,Jogos,Rap;Rock,Começo da tarde,Ação;Comédia;Ficção Científica,Estados Unidos,"Guarulhos, São Paulo, -23.4473, -46.5326",Guarulhos,São Paulo,-23.4473,-46.5326
145,2024-07-02 14:12:14,2024-07-02 14:21:12,Operações,1-3 anos,Pão de Queijo,Suco de Frutas,Caraguatatuba - SP,Chat,Viajar,Rock;Jazz;Rap;Funk;MPB,Manhã,Drama;Ação;Comédia;Ficção Científica;Documentário;Animação,Canadá ,"Caraguatatuba, São Paulo, -23.6212, -45.4248",Caraguatatuba,São Paulo,-23.6212,-45.4248
146,2024-07-02 14:19:08,2024-07-02 14:21:12,P&D,7-10 anos,Pão de Queijo,Café,São paulo,E-mail,Jogos,Rock;Pop;Jazz;Rap;Eletrônica;Sertanejo;Funk;MPB;Clássica,Manhã,Ação;Comédia;Drama;Ficção Científica;Documentário;Terror;Animação;Romance,Amsterdã ,"São Paulo, São Paulo, -23.5329, -46.6441",São Paulo,São Paulo,-23.5329,-46.6441
147,2024-07-02 14:19:33,2024-07-02 14:21:28,SAC,<1 ano,Salada de frutas,Café,SÃO PAULO,Chat,Cozinhar,Eletrônica;Rock,Começo da tarde,Comédia;Ficção Científica,Egito,"São Paulo, São Paulo, -23.5329, -46.6441",São Paulo,São Paulo,-23.5329,-46.6441
148,2024-07-02 14:20:15,2024-07-02 14:21:44,Produtos Digitais,4-6 anos,Sanduíche,Água,São Bernardo do Campo,Chat,Viajar,Pop;Sertanejo,Manhã,Comédia;Romance,Noronha,"São Bernardo do Campo, São Paulo, -23.6961, -46.5667",São Bernardo do Campo,São Paulo,-23.6961,-46.5667
149,2024-07-02 14:19:04,2024-07-02 14:21:44,Conteúdo,1-3 anos,Bolo,Café,São Paulo,E-mail,Assistir TV ou Cinema,Rock,Começo da tarde,Ação;Comédia;Ficção Científica,Havaí,"São Paulo, São Paulo, -23.5329, -46.6441",São Paulo,São Paulo,-23.5329,-46.6441
150,2024-07-02 14:20:49,2024-07-02 14:22:29,Publicidade,1-3 anos,Pão de Queijo,Café,São Paulo,E-mail,Viajar,Pop;Sertanejo;Funk;MPB,Manhã,Comédia;Romance;Ficção Científica,Tailandia,"São Paulo, São Paulo, -23.5329, -46.6441",São Paulo,São Paulo,-23.5329,-46.6441
151,2024-07-02 14:20:18,2024-07-02 14:22:43,Conteúdo,1-3 anos,Sanduíche,Café,São Paulo,Chat,Esportes,Sertanejo;Rap;Funk;Eletrônica;Rock,Começo da tarde,Ação;Comédia;Drama;Ficção Científica;Terror;Documentário;Animação,Paris,"São Paulo, São Paulo, -23.5329, -46.6441",São Paulo,São Paulo,-23.5329,-46.6441
152,2024-07-02 14:09:34,2024-07-02 14:23:25,Ingresso.com,1-3 anos,Fruta,Água,Rio de Janeiro,Reuniões,Assistir TV ou Cinema,Rock;Pop;MPB,Manhã,Ação;Comédia;Drama;Ficção Científica;Documentário;Animação;Romance,Grécia ,"Rio de Janeiro, Rio de Janeiro, -22.9083, -43.2075",Rio de Janeiro,Rio de Janeiro,-22.9083,-43.2075
153,2024-07-02 14:21:44,2024-07-02 14:23:35,Data & Analytics,1-3 anos,Bolo,Água,São Paulo - SP,Chat,Jogos,Jazz,Começo da tarde,Ação,"Sydney, Austrália","São Paulo, São Paulo, -23.5329, -46.6441",São Paulo,São Paulo,-23.5329,-46.6441
154,2024-07-02 14:21:52,2024-07-02 14:23:40,P&D,1-3 anos,Sanduíche,Chocolate quente,São Paulo,Chat,Esportes,Rock;Rap;Eletrônica;MPB,Manhã,Documentário;Animação;Ação;Ficção Científica,Tailândia ,"São Paulo, São Paulo, -23.5329, -46.6441",São Paulo,São Paulo,-23.5329,-46.6441
155,2024-07-02 14:20:56,2024-07-02 14:23:48,Atendimento,1-3 anos,Salada de frutas,Café,Santo André,Chat,Cozinhar,Rock;Pop;Rap;Funk;MPB,Manhã,Ação;Comédia;Ficção Científica;Animação,Japão,"Santo André, São Paulo, -23.6600, -46.5300",Santo André,São Paulo,-23.6600,-46.5300
156,2024-07-02 14:19:31,2024-07-02 14:23:59,P&D,7-10 anos,Bolo,Café,Boituva ,Chat,Viajar,Rock;Sertanejo;MPB;Rap;Pop;Clássica;Jazz,Começo da tarde,Ação;Drama;Ficção Científica;Romance,Europa,"Boituva, São Paulo, -23.2648, -47.5424",Boituva,São Paulo,-23.2648,-47.5424
157,2024-07-02 14:20:53,2024-07-02 14:24:13,Atendimento,1-3 anos,Sanduíche,Água,São Paulo,Chat,Jogos,Rock;Pop;Jazz;Clássica;MPB,Começo da tarde,Ação;Comédia;Drama;Ficção Científica;Terror;Animação,Japão,"São Paulo, São Paulo, -23.5329, -46.6441",São Paulo,São Paulo,-23.5329,-46.6441
158,2024-07-02 14:22:45,2024-07-02 14:24:39,Data & Analytics,<1 ano,Sanduíche,Café,São Paulo ,Chat,Viajar,Rock,Começo da tarde,Drama,Europa,"São Paulo, São Paulo, -23.5329, -46.6441",São Paulo,São Paulo,-23.5329,-46.6441
159,2024-07-02 14:23:35,2024-07-02 14:25:08,Publicidade,<1 ano,Bolo,Café,São Paulo,Reuniões,Viajar,MPB;Pop,Final da tarde,Ficção Científica;Comédia;Terror;Documentário;Animação,Londres,"São Paulo, São Paulo, -23.5329, -46.6441",São Paulo,São Paulo,-23.5329,-46.6441
160,2024-07-02 14:22:58,2024-07-02 14:25:12,P&D,1-3 anos,Sanduíche,Suco de Frutas,São Paulo,Chat,Jogos,Rock,Final da tarde,Ação;Comédia;Ficção Científica;Animação,Japão,"São Paulo, São Paulo, -23.5329, -46.6441",São Paulo,São Paulo,-23.5329,-46.6441
161,2024-07-02 14:20:35,2024-07-02 14:25:17,P&D,1-3 anos,Sanduíche,Café,Santo Andre,Telefone,Assistir TV ou Cinema,Pop;Rock;Eletrônica,Começo da tarde,Ação;Comédia;Drama;Ficção Científica;Terror,Amsterdam,"Santo André, São Paulo, -23.6539, -46.5336",Santo André,São Paulo,-23.6539,-46.5336
162,2024-07-02 14:23:45,2024-07-02 14:25:45,P&D,4-6 anos,Pão de Queijo,Chocolate quente,São Paulo,Chat,Jogos,Eletrônica,Manhã,Ação,Egito,"São Paulo, São Paulo, -23.5329, -46.6441",São Paulo,São Paulo,-23.5329,-46.6441
163,2024-07-02 14:22:23,2024-07-02 14:26:09,Operações,7-10 anos,Pão de Queijo,Chocolate quente,São Paulo,Chat,Leitura,Eletrônica,Começo da tarde,Animação,Japão,"São Paulo, São Paulo, -23.5329, -46.6441",São Paulo,São Paulo,-23.5329,-46.6441
164,2024-07-02 14:23:54,2024-07-02 14:26:17,P&D,1-3 anos,Sanduíche,Suco de Frutas,São Paulo,Chat,Jogos,Rap;Eletrônica,Manhã,Comédia;Ação;Terror;Ficção Científica;Documentário;Animação,Canada,"São Paulo, São Paulo, -23.5329, -46.6441",São Paulo,São Paulo,-23.5329,-46.6441
165,2024-07-02 14:19:53,2024-07-02 14:26:25,Data & Analytics,10+ anos,Pão de Queijo,Café,Santos,Chat,Esportes,Rock;Rap;Sertanejo,Começo da tarde,Ação;Comédia;Drama;Ficção Científica;Animação,Caribe,"Santos, São Paulo, -23.9533, -46.3339",Santos,São Paulo,-23.9533,-46.3339
166,2024-07-02 14:24:40,2024-07-02 14:26:40,Produtos Digitais,10+ anos,Sanduíche,Suco de Frutas,SÃO ROQUE,Chat,Viajar,MPB,Manhã,Comédia;Animação;Romance;Ação;Drama,EGITO,"São Roque, São Paulo, -23.5262, -47.1674",São Roque,São Paulo,-23.5262,-47.1674
167,2024-07-02 14:25:30,2024-07-02 14:26:45,P&D,10+ anos,Sanduíche,Café,São Carlos,Chat,Jogos,Rock,Manhã,Ação,Noruega,"São Carlos, São Paulo, -22.0166, -47.8918",São Carlos,São Paulo,-22.0166,-47.8918
168,2024-07-02 14:24:16,2024-07-02 14:28:30,P&D,<1 ano,Pão de Queijo,Chocolate quente,São Paulo ,E-mail,Esportes,Rap,Começo da tarde,Comédia,Espanha,"São Paulo, São Paulo, -23.5329, -46.6441",São Paulo,São Paulo,-23.5329,-46.6441
169,2024-07-02 14:25:10,2024-07-02 14:28:43,Produtos Digitais,4-6 anos,Salada de frutas,Café,"Santo André, SP",E-mail,Esportes,Rap;Clássica;Sertanejo;Eletrônica;Funk,Começo da tarde,Ação;Comédia;Drama;Ficção Científica;Terror;Documentário;Animação;Romance,Disney,"Santo André, São Paulo, -23.6606, -46.5457",Santo André,São Paulo,-23.6606,-46.5457
170,2024-07-02 14:28:34,2024-07-02 14:29:59,Atendimento,<1 ano,Sanduíche,Suco de Frutas,SP,E-mail,Jogos,Rock;Eletrônica,Manhã,Ação;Ficção Científica;Terror;Documentário,Porto de galinhas,"São Paulo, São Paulo, -23.5329, -46.6441",São Paulo,São Paulo,-23.5329,-46.6441
171,2024-07-02 14:30:09,2024-07-02 14:31:25,Operações,10+ anos,Pão de Queijo,Água,Itupeva ,E-mail,Esportes,MPB,Manhã,Ficção Científica,Patagônia ,"Itupeva, São Paulo, -23.0896, -47.4408",Itupeva,São Paulo,-23.0896,-47.4408
172,2024-07-02 14:30:41,2024-07-02 14:31:39,Operações,10+ anos,Pão de Queijo,Café,Jundiaí,Chat,Jogos,Rock,Manhã,Ação;Drama;Ficção Científica;Terror,Escócia,"Jundiaí, São Paulo, -23.1828, -46.8930",Jundiaí,São Paulo,-23.1828,-46.8930
173,2024-07-02 14:30:08,2024-07-02 14:32:08,P&D,7-10 anos,Salada de frutas,Chocolate quente,Sorocaba,Chat,Jogos,Pop;Rock;Funk,Começo da tarde,Ação;Ficção Científica;Animação;Romance;Comédia,Itália,"Sorocaba, São Paulo, -23.5103, -47.4700",Sorocaba,São Paulo,-23.5103,-47.4700
174,2024-07-02 14:31:02,2024-07-02 14:33:16,Operações,4-6 anos,Sanduíche,Suco de Frutas,São Paulo,Reuniões,Jogos,Pop;Rock;MPB,Começo da tarde,Ação;Comédia;Ficção Científica,Manaus,"São Paulo, São Paulo, -23.5329, -46.6441",São Paulo,São Paulo,-23.5329,-46.6441
175,2024-07-02 14:31:52,2024-07-02 14:34:04,Inovação,<1 ano,Sanduíche,Café,Passos,Chat,Assistir TV ou Cinema,MPB,Começo da tarde,Drama,algum lugar da Índia : ),"Passos, Minas Gerais, -20.7197, -46.6324",Passos,Minas Gerais,-20.7197,-46.6324
176,2024-07-02 14:32:09,2024-07-02 14:35:12,Publicidade,<1 ano,Sanduíche,Chocolate quente,São José dos Campos -SP,Chat,Viajar,Rock,Final da tarde,Ação;Ficção Científica,Nordeste do Brasil,"São José dos Campos, São Paulo, -23.2028, -45.8854",São José dos Campos,São Paulo,-23.2028,-45.8854
177,2024-07-02 14:32:24,2024-07-02 14:36:39,Atendimento,<1 ano,Bolo,Suco de Frutas,São Paulo,Chat,Viajar,Sertanejo,Manhã,Animação;Comédia,Disney- Orlando,"São Paulo, São Paulo, -23.5329, -46.6441",São Paulo,São Paulo,-23.5329,-46.6441
178,2024-07-02 14:33:57,2024-07-02 14:37:25,Host,10+ anos,Salada de frutas,Café,Sao Paulo,Reuniões,Viajar,Rock;Jazz;MPB,Manhã,Ação;Comédia;Documentário,India,"São Paulo, São Paulo, -23.5329, -46.6441

    input: bh
    output: Belo Horizonte, Minas Gerais, -19.9242, -43.9381

    input: curitiba - pr
    output: Curitiba, Paraná, -25.4378, -49.2733

    input: salvá
    output: Salvador, Bahia, -12.9718, -38.5034",,,,
179,2024-07-02 14:36:55,2024-07-02 14:38:20,Operações,1-3 anos,Sanduíche,Suco de Frutas,Ilhabela,E-mail,Esportes,Rock,Manhã,Drama;Ficção Científica,Portugal,"Ilhabela, São Paulo, -23.8035, -45.3487",Ilhabela,São Paulo,-23.8035,-45.3487
180,2024-07-02 14:36:53,2024-07-02 14:38:25,Conteúdo,10+ anos,Sanduíche,Suco de Frutas,Osasco,Chat,Leitura,Rock;Jazz,Começo da tarde,Ficção Científica,Itália,"Osasco, São Paulo, -23.5347, -46.7772",Osasco,São Paulo,-23.5347,-46.7772
181,2024-07-02 14:33:19,2024-07-02 14:39:09,Infraestrutura,1-3 anos,Sanduíche,Suco de Frutas,São Paulo - SP,Chat,Esportes,Rock;Pop;Sertanejo,Manhã,Ação;Ficção Científica;Animação,Portugal,"São Paulo, São Paulo, -23.5329, -46.6441",São Paulo,São Paulo,-23.5329,-46.6441
182,2024-07-02 14:36:28,2024-07-02 14:40:06,Operações,7-10 anos,Sanduíche,Suco de Frutas,São Paulo,Chat,Jogos,Rock;Eletrônica,Começo da tarde,Comédia;Ação;Ficção Científica,Reino Unido,"São Paulo, São Paulo, -23.5329, -46.6441",São Paulo,São Paulo,-23.5329,-46.6441
183,2024-07-02 14:39:27,2024-07-02 14:41:14,Data & Analytics,1-3 anos,Pão de Queijo,Suco de Frutas,São Paulo,Reuniões,Jogos,Rock;Rap;Eletrônica,Manhã,Ação;Drama;Ficção Científica,Japão,"São Paulo, São Paulo, -23.5329, -46.6441",São Paulo,São Paulo,-23.5329,-46.6441
184,2024-07-02 14:24:56,2024-07-02 14:41:20,Conteúdo,4-6 anos,Bolo,Chocolate quente,São Paulo,Chat,Assistir TV ou Cinema,Sertanejo;Pop,Começo da tarde,Comédia;Romance;Drama;Animação,Bali,"São Paulo, São Paulo, -23.5329, -46.6441",São Paulo,São Paulo,-23.5329,-46.6441
185,2024-07-02 14:39:28,2024-07-02 14:41:43,Operações,<1 ano,Sanduíche,Água,São Paulo,Chat,Jogos,Rock;Clássica;MPB,Começo da tarde,Documentário,França,"São Paulo, São Paulo, -23.5329, -46.6441",São Paulo,São Paulo,-23.5329,-46.6441
186,2024-07-02 14:40:23,2024-07-02 14:42:07,Publicidade,4-6 anos,Sanduíche,Chá,São Paulo,Chat,Jogos,Pop,Final da tarde,Ação;Comédia;Drama;Documentário;Ficção Científica,Madrid,"São Paulo, São Paulo, -23.5329, -46.6441",São Paulo,São Paulo,-23.5329,-46.6441
187,2024-07-02 14:41:06,2024-07-02 14:42:14,Operações,1-3 anos,Bolo,Chocolate quente,São Paulo,E-mail,Jogos,Rock,Manhã,Ação,Japão,"São Paulo, São Paulo, -23.5329, -46.6441",São Paulo,São Paulo,-23.5329,-46.6441
188,2024-07-02 14:12:15,2024-07-02 14:42:46,Operações,4-6 anos,Bolo,Suco de Frutas,São Paulo,Chat,Viajar,Jazz;Rock;MPB,Começo da tarde,Ação;Comédia;Documentário;Romance,Canadá ,"São Paulo, São Paulo, -23.5329, -46.6441",São Paulo,São Paulo,-23.5329,-46.6441
189,2024-07-02 14:39:03,2024-07-02 14:43:51,Publicidade,10+ anos,Sanduíche,Café,São Paulo,Chat,Jogos,Rock,Começo da tarde,Terror;Comédia;Documentário,Holanda,"São Paulo, São Paulo, -23.5329, -46.6441",São Paulo,São Paulo,-23.5329,-46.6441
190,2024-07-02 14:39:25,2024-07-02 14:43:52,Atendimento,1-3 anos,Sanduíche,Água,São Luis,Chat,Assistir TV ou Cinema,Sertanejo;Funk;Rap;Rock;Pop;MPB,Começo da tarde,Ação,Canadá,"São Luís, Maranhão, -2.5305, -44.2960",São Luís,Maranhão,-2.5305,-44.2960
191,2024-07-02 14:39:28,2024-07-02 14:44:04,Email ,1-3 anos,Sanduíche,Café,São Paulo ,Chat,Esportes,Rock;Pop,Manhã,Ação;Comédia;Ficção Científica;Drama,Bahamas,"São Paulo, São Paulo, -23.5329, -46.6441",São Paulo,São Paulo,-23.5329,-46.6441
192,2024-07-02 14:40:53,2024-07-02 14:44:11,Operações,7-10 anos,Pão de Queijo,Chocolate quente,São Paulo,Reuniões,Jogos,Pop,Começo da tarde,Documentário,Espanha,"São Paulo, São Paulo, -23.5329, -46.6441",São Paulo,São Paulo,-23.5329,-46.6441
193,2024-07-02 14:43:24,2024-07-02 14:44:36,Inovação,1-3 anos,Fruta,Café,Santos sp,Chat,Viajar,Pop;Funk;MPB;Rock;Eletrônica;Sertanejo,Manhã,Comédia;Drama;Animação;Romance,Itália ,"Santos, São Paulo, -23.9563, -46.3369",Santos,São Paulo,-23.9563,-46.3369
194,2024-07-02 14:34:52,2024-07-02 14:44:36,Operações,7-10 anos,Sanduíche,Suco de Frutas,Mauá,Chat,Jogos,Rock;MPB;Rap;Sertanejo;Clássica;Pop;Eletrônica,Começo da tarde,Ação;Comédia;Ficção Científica;Animação,Japão,"Mauá, São Paulo, -23.6638, -46.5051",Mauá,São Paulo,-23.6638,-46.5051
195,2024-07-02 14:42:26,2024-07-02 14:44:36,Data & Analytics,7-10 anos,Sanduíche,Café,São Paulo ,Chat,Viajar,Rock;Pop;Rap;Eletrônica,Começo da tarde,Ação;Comédia;Drama,África do Sul ,"São Paulo, São Paulo, -23.5329, -46.6441",São Paulo,São Paulo,-23.5329,-46.6441
196,2024-07-02 14:43:21,2024-07-02 14:44:49,Inovação,1-3 anos,Salada de frutas,Água,São José dos Campos,Chat,Jogos,Pop;Rock;Jazz,Manhã,Ação;Comédia;Drama;Documentário;Animação,Japão,"São José dos Campos, São Paulo, -23.2150, -45.8840",São José dos Campos,São Paulo,-23.2150,-45.8840
197,2024-07-02 14:41:30,2024-07-02 14:45:13,Infra,10+ anos,Sanduíche,Café,São Paulo,Chat,Assistir TV ou Cinema,Sertanejo,Manhã,Comédia,san andres colombia,"São Paulo, São Paulo, -23.5329, -46.6441",São Paulo,São Paulo,-23.5329,-46.6441
198,2024-07-02 14:40:27,2024-07-02 14:46:14,P&D,<1 ano,Sanduíche,Café,Artur Nogueira - SP,Chat,Esportes,Rock;Eletrônica;Rap,Manhã,Ficção Científica,Suiça,"Artur Nogueira, São Paulo, -22.5543, -47.2244",Artur Nogueira,São Paulo,-22.5543,-47.2244
199,2024-07-02 14:44:38,2024-07-02 14:46:48,Inovação,7-10 anos,Pão de Queijo,Café,Sao paulo,Chat,Viajar,Sertanejo,Começo da tarde,Comédia,Italia,"São Paulo, São Paulo, -23.5329, -46.6441",São Paulo,São Paulo,-23.5329,-46.6441
200,2024-07-02 14:45:02,2024-07-02 14:46:54,Conteúdo,1-3 anos,Pão de Queijo,Suco de Frutas,São Paulo,Chat,Assistir TV ou Cinema,Pop;Rap,Começo da tarde,Ação;Comédia;Ficção Científica;Animação,Suíça,"São Paulo, São Paulo, -23.5329, -46.6441",São Paulo,São Paulo,-23.5329,-46.6441
201,2024-07-02 14:46:04,2024-07-02 14:47:13,Operações,10+ anos,Bolo,Água,Santo André,E-mail,Jogos,Rap;Sertanejo,Começo da tarde,Ação;Comédia;Ficção Científica;Documentário,Canadá,"Santo André, São Paulo, -23.6503, -46.5310",Santo André,São Paulo,-23.6503,-46.5310
202,2024-07-02 14:46:12,2024-07-02 14:48:42,P&D,1-3 anos,Sanduíche,Café,São Paulo ,Chat,Jogos,Rap,Começo da tarde,Drama,Japão ,"São Paulo, São Paulo, -23.5329, -46.6441",São Paulo,São Paulo,-23.5329,-46.6441
203,2024-07-02 14:14:13,2024-07-02 14:49:43,P&D,4-6 anos,Sanduíche,Suco de Frutas,São Paulo,Chat,Jogos,Rock,Começo da tarde,Ficção Científica;Terror;Documentário,Londres,"São Paulo, São Paulo, -23.5329, -46.6441",São Paulo,São Paulo,-23.5329,-46.6441
204,2024-07-02 14:45:20,2024-07-02 14:49:57,P&D,7-10 anos,Pão de Queijo,Suco de Frutas,Taboão da Serra ,Chat,Esportes,Sertanejo;Rap;Clássica;MPB,Manhã,Ação;Comédia;Ficção Científica,Orlando EUA,"Taboão da Serra, São Paulo, -23.5843, -46.7518",Taboão da Serra,São Paulo,-23.5843,-46.7518
205,2024-07-02 14:49:26,2024-07-02 14:50:48,P&D,4-6 anos,Pão de Queijo,Água,Sao Paulo,E-mail,Esportes,Rap;Funk;Rock,Começo da tarde,Ação;Comédia;Ficção Científica;Animação,Espanha,"São Paulo, São Paulo, -23.5329, -46.6441",São Paulo,São Paulo,-23.5329,-46.6441
206,2024-07-02 14:47:53,2024-07-02 14:53:47,Atendimento,7-10 anos,Sanduíche,Café,São Paulo,Chat,Jogos,MPB;Pop,Começo da tarde,Comédia;Terror;Documentário;Ficção Científica,Noruega ou Finlândia para ver Autoras Boreais e Chile para ver Via Láctea a olho nu.,"São Paulo, São Paulo, -23.5329, -46.6441",São Paulo,São Paulo,-23.5329,-46.6441
207,2024-07-02 14:46:59,2024-07-02 14:55:35,Operações,7-10 anos,Salada de frutas,Água,mogi,Chat,Viajar,Rock;Pop,Começo da tarde,Ficção Científica,cancun,"Mogi das Cruzes, São Paulo, -23.5089, -46.1878",Mogi das Cruzes,São Paulo,-23.5089,-46.1878
